latency,cdf
7.3930,1.7601368724675317e-08
7.3960,2.6402053087012972e-08
7.4010,4.4003421811688286e-08
7.4160,7.920615926103893e-08
7.4460,1.7601368724675314e-07
7.4510,1.848143716090908e-07
7.4630,2.1121642469610378e-07
7.4660,2.288177934207791e-07
7.4690,2.5521984650779207e-07
7.4910,4.136321650298699e-07
7.4950,4.3123353375454524e-07
7.5000,4.752369555662335e-07
7.5070,5.720444835519477e-07
7.5130,7.304568020740256e-07
7.5220,1.0120787016688307e-06
7.5290,1.3553053917999993e-06
7.5310,1.4785149728727264e-06
7.5530,3.731490169631167e-06
7.5580,4.73476818693766e-06
7.5660,6.996544068058438e-06
7.5670,7.260564598928568e-06
7.5770,1.025279728212337e-05
7.5910,1.5189981209394798e-05
7.5980,1.7302145456355834e-05
7.6030,2.006556034612986e-05
7.6250,3.964708305233115e-05
7.6260,4.087037817869608e-05
7.6270,4.2296089045394786e-05
7.6450,6.771246548382594e-05
7.6670,0.00012566497200981942
7.6770,0.00017201817654625187
7.6920,0.0005914411918865399
7.6930,0.0006377415923167984
7.6980,0.0011840352734245462
7.7070,0.0031841404063999387
7.7090,0.0037961928010630734
7.7260,0.013127109595547214
7.7270,0.013616454048146273
7.7470,0.026255873719754547
7.7510,0.028126846411081357
7.7630,0.034971226646514975
7.7770,0.04093878589824453
7.7880,0.04589892201033294
7.7990,0.049135461691426234
7.8070,0.05477371693568584
7.8120,0.05964853921356574
7.8220,0.08983200875259742
7.8310,0.1386338717025849
7.8900,0.6646014834063932
7.8920,0.6746201560824253
7.8930,0.6798463632848403
7.9090,0.7707366895347463
7.9190,0.8048013576850969
7.9340,0.8403493547826664
7.9390,0.8509265716924386
7.9450,0.8609179710476318
7.9480,0.8639053985571647
7.9580,0.8755985246427127
7.9660,0.8846938999209232
7.9880,0.901910986762917
7.9950,0.9061370225896054
7.9970,0.907794297063246
8.0020,0.9120696519251008
8.0050,0.9139768130305256
8.0200,0.9228610334888305
8.0220,0.9243832262581936
8.0320,0.9292082718653201
8.0330,0.9296735552468726
8.0470,0.9387418772213533
8.0580,0.9450318671460658
8.0610,0.9477752164754937
8.0630,0.9492851674929087
8.0750,0.955260928982464
8.0770,0.9567839842188944
8.0830,0.9613544172267342
8.0870,0.9632933135999695
8.0950,0.9664283197855745
8.0960,0.9669818036258063
8.1040,0.9717368045860929
8.1120,0.9743747129161757
8.1140,0.9750848841407945
8.1250,0.9799876661928936
8.1430,0.9851524534191438
8.1540,0.9874346732900382
8.1550,0.9876656472511278
8.1650,0.9904372379766745
8.1720,0.9912987633709568
8.1740,0.9915511053936781
8.1780,0.9922296381580143
8.1850,0.9933750296264038
8.1960,0.9944250128756212
8.2040,0.9953955875498373
8.2060,0.9955351312010865
8.2070,0.9955908043303626
8.2130,0.9958868857543648
8.2180,0.9962011141895221
8.2200,0.9963411330777269
8.2220,0.9964705031378532
8.2330,0.9968163084285026
8.2370,0.9969403452739053
8.2380,0.9969739110840633
8.2440,0.9971409392725761
8.2460,0.9971730529698143
8.2510,0.9972359866636893
8.2960,0.9976197405053091
8.2980,0.9976289548218364
8.3030,0.9976512205532732
8.3100,0.9976687691178917
8.3200,0.9976918885157116
8.3350,0.9977131685704996
8.3360,0.9977146206834194
8.3450,0.997726704023049
8.3550,0.9977331725260552
8.3710,0.9977423340384765
8.3800,0.9977468751916074
8.3890,0.9977503074585087
8.3940,0.9977517595714285
8.4090,0.9977570575834146
8.4180,0.9977596801873546
8.4210,0.9977608506783748
8.4250,0.9977619155611827
8.4270,0.9977623819974538
8.4300,0.9977632532652058
8.4340,0.9977642037391169
8.4400,0.9977662366972045
8.4440,0.9977671959718001
8.4500,0.9977684192669264
8.4630,0.997772150757096
8.4640,0.9977724587810487
8.4750,0.9977751341890949
8.4810,0.9977773079581324
8.4840,0.9977782144286217
8.4890,0.9977795169299073
8.4940,0.9977806082147682
8.5040,0.9977838732686667
8.5140,0.9977861614466009
8.5160,0.9977867246904001
8.5390,0.997793087585194
8.5430,0.9977942668768985
8.5500,0.9977955957802374
8.5530,0.9977961854260896
8.5630,0.9977993184697226
8.5650,0.9977999257169435
8.5660,0.9978001633354213
8.5690,0.9978007969846955
8.5770,0.997802557121568
8.5820,0.9978043876639153
8.5910,0.9978064646254248
8.6040,0.9978102665210693
8.6140,0.9978123434825789
8.6150,0.9978125723003722
8.6280,0.9978163565946481
8.6330,0.9978172366630843
8.6370,0.9978181519342579
8.6450,0.997820871345726
8.6500,0.997822085840168
8.6620,0.997825658918019
8.6730,0.9978281495116936
8.6870,0.9978321538230784
8.7000,0.9978350756502867
8.7010,0.9978354716810831
8.7150,0.9978386135254004
8.7290,0.9978426530395227
8.7330,0.9978434010976935
8.7420,0.9978460501036865
8.7450,0.9978467629591199
8.7610,0.9978506704629768
8.7620,0.9978509960882982
8.7710,0.9978530114450171
8.7730,0.9978534338778666
8.7770,0.9978544107538309
8.7780,0.9978547715818896
8.7860,0.9978572005707737
8.7970,0.9978595679548672
8.7980,0.9978597967726606
8.8130,0.9978637130772018
8.8180,0.9978650507812249
8.8210,0.9978661508667701
8.8300,0.9978682806323859
8.8340,0.997869037491241
8.8560,0.99787450271623
8.8640,0.9978771781242761
8.8650,0.997877442144807
8.8770,0.9978801879583281
8.8820,0.9978820185006755
8.8890,0.9978837698368636
8.9080,0.9978885310071036
8.9160,0.9978903791508197
8.9190,0.9978912944219933
8.9200,0.9978916288479991
8.9280,0.9978935297958214
8.9300,0.9978939874314082
8.9330,0.9978945418745231
8.9390,0.9978962228052363
8.9530,0.9978997078762437
8.9590,0.9979014152090101
8.9610,0.997902092861706
8.9660,0.9979034921705195
8.9840,0.997908094928441
8.9880,0.9979090013989304
8.9960,0.9979106295255374
8.9990,0.9979117736145046
9.0120,0.9979148802560844
9.0170,0.99791618275737
9.0190,0.9979168516093816
9.0270,0.9979190693818409
9.0420,0.9979232409062286
9.0480,0.9979248250294138
9.0560,0.9979266467710769
9.0740,0.9979313551372108
9.0880,0.9979355442629672
9.0970,0.9979377884374796
9.0990,0.9979385540970191
9.1080,0.9979409830859031
9.1090,0.9979412383057497
9.1110,0.9979416519379146
9.1400,0.9979495989558939
9.1410,0.9979499069798465
9.1430,0.9979504614229614
9.1440,0.9979507166428079
9.1500,0.9979520719481997
9.1530,0.9979526615940519
9.1560,0.9979534096522228
9.1690,0.9979571675444454
9.1770,0.9979589012792648
9.1860,0.9979616470927859
9.2050,0.9979667426890316
9.2180,0.9979696205128181
9.2210,0.997970658993573
9.2360,0.9979743112775833
9.2390,0.9979753145556006
9.2400,0.9979757105863969
9.2430,0.9979766170568862
9.2450,0.9979770658917887
9.2580,0.9979798821107847
9.2600,0.9979805597634805
9.2650,0.9979821086839283
9.2660,0.9979823551030905
9.2820,0.9979867290432185
9.2840,0.9979871338746992
9.2860,0.9979877499226045
9.2870,0.9979879611390293
9.2930,0.9979892988430523
9.2970,0.9979901701108043
9.2990,0.9979907861587096
9.3100,0.9979938663982364
9.3190,0.9979960225659051
9.3290,0.9979990147985883
9.3390,0.9980017606121094
9.3520,0.9980051224735358
9.3550,0.9980059409371815
9.3700,0.9980099628499352
9.3740,0.9980108693204245
9.3840,0.9980138791544764
9.3930,0.9980160969269357
9.3940,0.998016299342676
9.4170,0.9980227942477354
9.4200,0.998023779924384
9.4400,0.9980290075308952
9.4450,0.9980303540356027
9.4500,0.998031260506092
9.4510,0.9980315069252541
9.4590,0.9980337422990821
9.4600,0.998034103127141
9.4750,0.998037720208414
9.4830,0.9980401932007198
9.4970,0.998043282240931
9.5040,0.9980454472092841
9.5130,0.9980476121776372
9.5140,0.9980478145933775
9.5160,0.9980484746447047
9.5220,0.9980506132110047
9.5230,0.9980509564376949
9.5340,0.9980534206293163
9.5380,0.998054626323074
9.5490,0.9980577681673913
9.5560,0.9980593962939984
9.5590,0.9980605579843342
9.5700,0.9980634358081207
9.5780,0.9980656095771582
9.5920,0.9980690506447438
9.6000,0.9980717436541587
9.6210,0.9980779305352655
9.6270,0.9980794706550289
9.6400,0.998082823715771
9.6620,0.9980886057653969
9.6630,0.9980888961879809
9.6840,0.9980951886773
9.6930,0.9980972832401782
9.7080,0.998101771589203
9.7100,0.9981022028227368
9.7110,0.998102449241899
9.7130,0.998102889276117
9.7210,0.9981056438903224
9.7300,0.9981079056662036
9.7420,0.998111364335158
9.7500,0.9981134236952988
9.7530,0.9981141805541539
9.7570,0.9981154038492803
9.7590,0.9981160727012919
9.7720,0.9981195137688775
9.7730,0.9981198129921458
9.7770,0.9981208250708475
9.7840,0.9981232188569941
9.7920,0.9981250141966039
9.7990,0.998127152762904
9.8070,0.9981293793360477
9.8110,0.9981302418031152
9.8260,0.9981342813172375
9.8310,0.9981355134130482
9.8570,0.9981422723386385
9.8620,0.9981441820871452
9.8720,0.9981467166842415
9.8890,0.9981518738852778
9.8930,0.9981526923489236
9.8950,0.998153237991354
9.9020,0.9981554821658664
9.9200,0.9981603489443187
9.9290,0.998162637122253
9.9350,0.9981642388468069
9.9380,0.9981650397090839
9.9540,0.9981689648143095
9.9650,0.9981720098510989
9.9660,0.9981722298682079
9.9710,0.9981733387544376
9.9740,0.9981739460016585
9.9840,0.9981768414268137
9.9970,0.9981798072574439
10.0080,0.9981828170914958
10.0100,0.9981831427168172
10.0130,0.9981837235619851
10.0210,0.9981861701522379
10.0230,0.998186830203565
10.0300,0.9981882999178535
10.0360,0.9981895848177704
10.0390,0.9981904824875754
10.0560,0.9981944955996446
10.0670,0.998197223811797
10.0820,0.998200576872539
10.0910,0.9982023898135176
10.1060,0.9982058660838408
10.1080,0.9982062445132683
10.1260,0.9982106272540808
10.1290,0.9982110760889833
10.1480,0.9982156612455361
10.1660,0.9982202464020888
10.1730,0.9982215577040588
10.1780,0.9982229218101349
10.1890,0.9982257556304996
10.1950,0.9982273397536848
10.1960,0.9982277357844812
10.2010,0.9982294343165631
10.2050,0.9982307896219549
10.2350,0.9982393526878395
10.2370,0.9982400831446415
10.2390,0.9982408400034967
10.2600,0.9982474493174528
10.2670,0.9982495350796466
10.2680,0.9982497638974401
10.2770,0.9982524305048018
10.2970,0.9982584589735901
10.2980,0.9982588374030177
10.3000,0.9982597174714539
10.3060,0.9982614160035358
10.3080,0.9982617944329634
10.3100,0.9982622344671815
10.3120,0.9982625952952404
10.3320,0.9982680869222825
10.3330,0.9982683157400759
10.3370,0.9982693894235681
10.3380,0.9982697150488895
10.3390,0.9982699966707891
10.3420,0.9982709119419628
10.3500,0.998272689680204
10.3590,0.9982749338547163
10.3670,0.9982769932148572
10.3680,0.9982771076237539
10.3730,0.9982779788915057
10.3770,0.9982789293654168
10.3800,0.9982798270352219
10.3830,0.9982807071036581
10.3950,0.9982831536939109
10.4130,0.9982871492046113
10.4200,0.9982891645613303
10.4350,0.9982925968282316
10.4510,0.9982969355656223
10.4540,0.9982977452285836
10.4630,0.998300403035261
10.4800,0.9983050849993418
10.4860,0.9983068187341612
10.4910,0.9983080244279188
10.4920,0.9983082620463966
10.5000,0.9983105590250151
10.5050,0.9983123455639407
10.5110,0.9983138416802823
10.5150,0.9983150209719869
10.5200,0.9983166843013314
10.5470,0.9983242000857767
10.5510,0.9983250273501069
10.5590,0.9983271923184599
10.5670,0.9983293132833913
10.5720,0.9983303869668835
10.5730,0.9983306157846769
10.5810,0.9983330007701391
10.5820,0.99833326479067
10.5830,0.9983335112098322
10.5860,0.9983340392508938
10.6080,0.9983394340704079
10.6090,0.9983395924827265
10.6120,0.9983400677196821
10.6170,0.998341062197015
10.6210,0.9983421886846133
10.6270,0.9983434559831615
10.6390,0.9983456561542521
10.6480,0.998347865126027
10.6510,0.9983483843664045
10.6530,0.9983487011910415
10.6600,0.998350364520386
10.6720,0.9983527407051638
10.6770,0.9983537791859186
10.6800,0.9983545360447738
10.6830,0.9983552489002071
10.7010,0.9983587955760052
10.7060,0.9983595524348603
10.7150,0.998361171760783
10.7160,0.9983614181799451
10.7210,0.9983626590764402
10.7240,0.9983632839250299
10.7260,0.9983635831482982
10.7310,0.998364304804416
10.7340,0.9983648592475307
10.7350,0.9983650000584805
10.7360,0.9983651672714834
10.7420,0.9983664609720847
10.7430,0.9983665929823501
10.7470,0.9983672794357304
10.7490,0.9983675434562612
10.7630,0.9983701660602012
10.7710,0.9983713365512215
10.7770,0.9983720846093922
10.7890,0.9983741879729549
10.7920,0.9983746104058042
10.7980,0.9983755344776623
10.8030,0.9983763969447298
10.8130,0.998377884260387
10.8290,0.9983803308506397
10.8310,0.9983805684691175
10.8400,0.9983819589772468
10.8460,0.9983828478463673
10.8590,0.9983847927976115
10.8600,0.99838495120993
10.8880,0.9983889555213148
10.8890,0.9983890787308959
10.9160,0.9983927046128532
10.9220,0.9983936286847113
10.9250,0.9983940511175606
10.9360,0.9983955120311647
10.9460,0.9983970169481907
10.9610,0.9983988034871163
10.9620,0.9983989971021723
10.9680,0.9983996923562369
10.9720,0.9984001235897706
10.9910,0.9984027725957637
11.0030,0.9984045415333205
11.0060,0.9984048583579576
11.0150,0.9984057208250251
11.0310,0.9984078241885876
11.0350,0.9984083522296494
11.0360,0.9984084490371774
11.0530,0.9984103851877372
11.0590,0.998411256455489
11.0650,0.9984120221150286
11.0740,0.998412981389624
11.0850,0.9984143102929627
11.1060,0.9984166952784249
11.1180,0.9984179537762887
11.1230,0.9984185082194036
11.1390,0.9984204971740694
11.1470,0.9984215620568773
11.1680,0.9984238590354959
11.1790,0.9984249767224099
11.1900,0.9984262792236955
11.1940,0.99842663125107
11.1990,0.9984272825017129
11.2010,0.9984276433297716
11.2050,0.9984280481612523
11.2180,0.9984294826728034
11.2220,0.9984300987207088
11.2240,0.998430274734396
11.2290,0.9984307675727203
11.2320,0.9984310139918824
11.2350,0.9984313484178882
11.2430,0.9984323956993273
11.2470,0.9984328445342298
11.2480,0.9984329325410735
11.2600,0.9984343406505715
11.2810,0.9984368488456147
11.2820,0.9984369632545114
11.2830,0.9984371392681987
11.2890,0.9984376233058385
11.2900,0.9984377201133665
11.2920,0.9984378785256851
11.2940,0.998438045738688
11.2980,0.9984384681715374
11.3090,0.9984397178687168
11.3120,0.9984399994906163
11.3200,0.9984409499645275
11.3250,0.9984413811980613
11.3280,0.9984415924144859
11.3370,0.9984426044931877
11.3470,0.9984438013862609
11.3490,0.9984439950013169
11.3500,0.9984440478054231
11.3520,0.9984442678225321
11.3590,0.9984452182964433
11.3650,0.9984460015573515
11.3670,0.9984462127737762
11.3740,0.9984468024196285
11.3760,0.9984470224367376
11.3820,0.9984478056976458
11.3830,0.9984479113058581
11.3930,0.9984487561715569
11.3980,0.9984492490098812
11.4200,0.9984516339953434
11.4300,0.9984526724760981
11.4320,0.9984528220877323
11.4390,0.998453323726741
11.4450,0.9984539925787526
11.4490,0.9984542918020208
11.4520,0.9984545734239204
11.4620,0.9984556647087813
11.4630,0.9984557703169937
11.4750,0.9984567207909049
11.4870,0.9984579352853469
11.4920,0.99845830491409
11.4930,0.9984584369243555
11.4960,0.998458692144202
11.4990,0.9984590265702078
11.5090,0.9984599242400127
11.5190,0.9984607779063959
11.5260,0.9984615083631979
11.5630,0.9984644301904062
11.5660,0.9984646590081997
11.5790,0.9984657062896388
11.5950,0.9984669295847651
11.5980,0.998467193605296
11.6040,0.9984677304470421
11.6120,0.9984682672887882
11.6170,0.9984687513264281
11.6230,0.9984693849757023
11.6290,0.9984697106010236
11.6310,0.9984699218174483
11.6390,0.9984705378653537
11.6420,0.9984708194872532
11.6430,0.998470907494097
11.6450,0.9984710747070998
11.6480,0.9984712683221558
11.6610,0.9984723068029105
11.6750,0.9984732132733999
11.6780,0.9984733804864028
11.7120,0.9984756598636526
11.7230,0.9984763903204547
11.7290,0.9984767775505666
11.7500,0.9984781416566427
11.7590,0.99847880170797
11.7650,0.9984794529586127
11.7670,0.9984795937695625
11.7720,0.9984798841921465
11.7800,0.9984805882468955
11.7810,0.998480720257161
11.7850,0.9984810282811136
11.7900,0.9984812482982227
11.8000,0.9984819435522873
11.8150,0.9984826300056675
11.8160,0.9984826740090894
11.8320,0.9984834396686288
11.8460,0.9984842229295371
11.8470,0.998484266932959
11.8500,0.9984844341459619
11.8540,0.9984846277610178
11.8580,0.9984848477781268
11.8710,0.99848570144451
11.8750,0.9984859214616191
11.8800,0.9984862558876249
11.8820,0.9984863702965215
11.8890,0.9984867575266335
11.9040,0.9984877872067038
11.9230,0.998488711278562
11.9240,0.9984887464812994
11.9500,0.9984903746079065
11.9510,0.9984904186113283
11.9570,0.9984907706387027
11.9590,0.998490973054443
11.9650,0.9984912282742896
11.9690,0.9984913426831863
11.9710,0.9984914218893455
11.9850,0.9984921171434101
11.9900,0.998492284356413
11.9910,0.9984923195591505
11.9940,0.9984924867721534
11.9960,0.9984925571776283
12.0000,0.9984928828029497
12.0030,0.9984930236138995
12.0160,0.9984936660638579
12.0300,0.9984943613179226
12.0310,0.9984944141220288
12.0360,0.9984945725343473
12.0390,0.9984947573487188
12.0450,0.9984950653726715
12.0460,0.9984951269774621
12.0560,0.9984956022144177
12.0700,0.9984961742589011
12.0790,0.9984966142931193
12.0810,0.9984967022999629
12.0850,0.9984968783136502
12.1110,0.9984979871998798
12.1160,0.9984981896156202
12.1230,0.998498620849154
12.1270,0.9984987968628412
12.1320,0.9984989200724222
12.1440,0.9984993953093778
12.1500,0.9984996505292243
12.1610,0.998500055360705
12.1690,0.99850046899287
12.1730,0.9985005834017667
12.1820,0.9985009178277725
12.1970,0.9985013930647281
12.2040,0.9985016746866276
12.2290,0.9985027131673824
12.2380,0.9985030475933881
12.2470,0.9985033204146034
12.2550,0.9985035492323968
12.2560,0.9985035756344499
12.2640,0.9985039804659306
12.2740,0.9985043236926208
12.2780,0.998504499706308
12.2830,0.9985047373247857
12.2960,0.9985051421562664
12.3000,0.9985053445720068
12.3130,0.9985056525959595
12.3140,0.9985057054000656
12.3230,0.9985059518192277
12.3290,0.9985061014308619
12.3450,0.9985066998773986
12.3630,0.9985072015164072
12.3640,0.9985072367191447
12.3790,0.9985077295574689
12.3820,0.9985078703684187
12.4130,0.9985086624300114
12.4240,0.9985091024642294
12.4260,0.9985091728697043
12.4270,0.9985091904710731
12.4310,0.9985093400827072
12.4470,0.998509771316241
12.4590,0.9985100793401936
12.4630,0.9985102465531965
12.4700,0.998510378563462
12.4720,0.9985104401682525
12.4730,0.9985104665703056
12.4750,0.9985105281750961
12.4760,0.998510572178518
12.4840,0.9985109066045238
12.4880,0.9985110122127361
12.4900,0.9985110562161579
12.5150,0.998511689865432
12.5340,0.9985122179064937
12.5470,0.998512684342765
12.5900,0.9985138372324164
12.5960,0.9985139340399444
12.6020,0.9985141276550004
12.6090,0.9985142332632128
12.6150,0.9985143916755312
12.6230,0.9985146468953777
12.6280,0.998514726101537
12.6410,0.998515016524121
12.6610,0.9985154917610766
12.6730,0.9985158261870823
12.6840,0.9985161166096662
12.6900,0.9985163278260909
12.6920,0.9985163894308815
12.7010,0.9985166006473062
12.7020,0.9985166534514124
12.7030,0.9985166886541498
12.7140,0.998517058282893
12.7160,0.9985170758842618
12.7180,0.998517155090421
12.7250,0.9985174015095831
12.7330,0.998517568722586
12.7350,0.9985176303273766
12.7360,0.9985176391280609
12.7390,0.9985177447362733
12.7400,0.998517762337642
12.7550,0.9985181671691227
12.7590,0.9985183167807569
12.7750,0.9985185631999189
12.7930,0.9985189504300309
12.7950,0.9985189944334527
12.7980,0.9985190912409807
12.8060,0.9985193200587741
12.8130,0.998519460869724
12.8170,0.9985195664779363
12.8240,0.9985197424916236
12.8370,0.9985200857183136
12.8500,0.9985203585395289
12.8680,0.9985208777799063
12.8850,0.9985211946045434
12.9010,0.9985214586250741
12.9050,0.9985216170373927
12.9060,0.9985216346387614
12.9200,0.9985219426627141
12.9330,0.9985221538791388
12.9430,0.9985223210921417
12.9460,0.9985223826969323
12.9510,0.9985224707037759
12.9560,0.9985225235078821
12.9840,0.9985231395557874
12.9980,0.9985234299783714
13.0060,0.9985235619886368
13.0100,0.9985236235934273
13.0150,0.9985236939989022
13.0210,0.9985238260091677
13.0250,0.9985238788132739
13.0290,0.9985239668201175
13.0380,0.9985241340331203
13.0420,0.9985242836447545
13.0440,0.9985243540502294
13.0490,0.9985244332563886
13.0520,0.9985244772598104
13.0550,0.9985244948611792
13.0580,0.9985245652666541
13.0650,0.9985246884762352
13.0720,0.9985248204865006
13.0790,0.9985248732906068
13.0800,0.9985249084933442
13.0820,0.9985249348953973
13.0880,0.998525022902241
13.0950,0.9985251373111377
13.1030,0.9985253485275624
13.1110,0.9985254277337215
13.1180,0.9985255421426183
13.1200,0.9985255949467244
13.1210,0.9985256125480932
13.1260,0.998525753359043
13.1330,0.9985258853693084
13.1380,0.9985259645754677
13.1390,0.9985260085788895
13.1410,0.9985260613829957
13.1550,0.9985263430048953
13.1710,0.9985266334274793
13.1790,0.9985267038329542
13.1850,0.9985268270425353
13.1920,0.9985269502521162
13.1990,0.9985270734616973
13.2050,0.998527187870594
13.2140,0.9985273198808595
13.2150,0.9985273374822282
13.2170,0.9985273990870188
13.2230,0.9985275486986529
13.2280,0.9985276015027591
13.2530,0.9985279711315023
13.2590,0.9985280503376616
13.2740,0.9985283671622986
13.2830,0.9985285607773546
13.2860,0.9985286575848826
13.2990,0.9985288335985698
13.3030,0.9985289128047291
13.3110,0.9985290272136258
13.3210,0.9985291944266287
13.3300,0.9985293792410003
13.3400,0.9985295200519501
13.3560,0.9985298192752184
13.3610,0.9985298896806933
13.3770,0.998530100897118
13.3780,0.9985301184984867
13.3790,0.9985301713025929
13.3970,0.9985305497320205
13.4010,0.9985306465395485
13.4140,0.998530901759395
13.4150,0.9985309193607637
13.4210,0.9985310425703448
13.4240,0.998531121776504
13.4260,0.9985311481785571
13.4270,0.9985311657799258
13.4310,0.9985312449860851
13.4350,0.9985312625874538
13.4360,0.9985312713881382
13.4430,0.9985313505942974
13.4540,0.9985314650031941
13.4630,0.9985316586182501
13.4740,0.9985318522333061
13.4750,0.9985318610339905
13.4780,0.9985319314394654
13.4830,0.9985320370476777
13.4880,0.9985321250545214
13.5260,0.9985327587037954
13.5270,0.9985327851058485
13.5280,0.9985327939065328
13.5290,0.9985328291092703
13.5330,0.9985328643120078
13.5510,0.9985332955455415
13.5710,0.9985336651742848
13.5750,0.9985337619818128
13.5910,0.9985340348030279
13.5940,0.9985341052085028
13.6210,0.9985346772529864
13.6290,0.9985348180639362
13.6370,0.9985349676755704
13.6430,0.9985351348885733
13.6480,0.99853524929747
13.6660,0.9985356101255288
13.6920,0.9985360237576939
13.6950,0.9985361293659062
13.6970,0.9985361469672749
13.7040,0.9985363317816466
13.7080,0.998536366984384
13.7160,0.9985364813932807
13.7180,0.9985365253967025
13.7190,0.9985365429980713
13.7220,0.9985366046028618
13.7250,0.9985366750083366
13.7290,0.9985367366131273
13.7540,0.9985371326439235
13.7570,0.9985372030493984
13.7790,0.9985376606849853
13.7870,0.9985378190973038
13.7880,0.9985378454993569
13.7900,0.9985378895027787
13.7920,0.9985379071041474
13.7930,0.9985379159048318
13.7970,0.9985379775096223
13.8040,0.9985381359219409
13.8060,0.9985382063274157
13.8100,0.9985382503308375
13.8200,0.9985384263445247
13.8220,0.9985385143513684
13.8360,0.9985387343684775
13.8490,0.9985389719869553
13.8540,0.9985390687944832
13.8590,0.9985391480006425
13.8670,0.9985393240143298
13.8690,0.9985393416156985
13.8800,0.9985395880348606
13.8820,0.9985396408389667
13.9060,0.9985400984745536
13.9110,0.9985401600793442
13.9240,0.998540424099875
13.9260,0.9985404857046656
13.9440,0.9985408289313557
13.9570,0.9985411809587302
13.9640,0.9985413305703643
13.9790,0.9985416473950014
13.9840,0.9985417530032137
13.9900,0.9985418586114261
13.9920,0.9985418762127948
13.9970,0.9985420082230603
14.0080,0.9985422898449599
14.0090,0.9985422986456443
14.0200,0.9985425274634376
14.0210,0.9985425538654907
14.0260,0.9985426770750718
14.0270,0.9985426946764405
14.0450,0.9985430643051837
14.0480,0.9985431347106586
14.0510,0.9985431963154492
14.0720,0.9985436891537735
14.0840,0.9985440411811479
14.0870,0.9985440763838854
14.0990,0.9985443316037319
14.1010,0.9985443844078381
14.1210,0.9985447980400031
14.1350,0.9985451500673777
14.1360,0.9985451588680619
14.1420,0.9985452908783274
14.1470,0.9985454228885928
14.1530,0.9985455372974895
14.1750,0.998545986132392
14.1930,0.998546373362504
14.2160,0.9985467693933002
14.2200,0.9985468662008282
14.2320,0.9985471478227278
14.2540,0.9985476142589991
14.2650,0.9985478078740551
14.2720,0.9985478870802142
14.2930,0.9985483359151167
14.2960,0.998548415121276
14.3020,0.9985485647329102
14.3080,0.9985486703411225
14.3150,0.9985488375541254
14.3590,0.9985497704266678
14.3630,0.9985498408321427
14.3700,0.9985499288389863
14.3720,0.9985499552410394
14.3730,0.9985499640417238
14.3850,0.9985502280622547
14.3880,0.9985502984677296
14.3990,0.9985504920827856
14.4080,0.998550650495104
14.4480,0.9985516009690152
14.4490,0.9985516361717527
14.4500,0.998551644972437
14.4520,0.9985516889758588
14.4580,0.9985518033847556
14.4620,0.9985519089929679
14.4660,0.9985519793984428
14.4690,0.998552032202549
14.4710,0.9985520762059708
14.4730,0.9985520938073394
14.4920,0.9985525426422419
14.4990,0.998552665851823
14.5030,0.9985527714600354
14.5070,0.998552859466879
14.5190,0.9985531938928848
14.5380,0.998553589923681
14.5670,0.9985542499750083
14.5770,0.9985544787928017
14.5780,0.9985545315969079
14.5820,0.9985546988099108
14.5830,0.9985547076105951
14.5940,0.9985549364283886
14.6070,0.9985552180502881
14.6140,0.9985553588612379
14.6590,0.9985563269365177
14.6600,0.9985563885413083
14.6680,0.9985565645549955
14.6710,0.998556599757733
14.6850,0.99855691658237
14.6930,0.9985571630015322
14.7070,0.9985575854343816
14.7110,0.9985576382384878
14.7240,0.9985579726644935
14.7260,0.9985579990665466
14.7270,0.9985580078672309
14.7320,0.9985580782727058
14.7330,0.9985581134754433
14.7420,0.9985583598946055
14.7430,0.9985583862966586
14.7460,0.9985584743035022
14.7620,0.9985588879356672
14.7630,0.998558905537036
14.7640,0.9985589495404578
14.7670,0.998559002344564
14.7710,0.9985590639493545
14.7740,0.998559151956198
14.7760,0.9985592135609886
14.7770,0.9985592751657791
14.7810,0.9985594687808351
14.7880,0.9985596447945224
14.8290,0.9985609120930705
14.8370,0.9985611673129171
14.8410,0.9985613081238669
14.8490,0.9985615897457665
14.8510,0.9985616689519257
14.8540,0.9985617745601381
14.8620,0.9985621881923031
14.8740,0.9985626282265212
14.8840,0.9985630506593706
14.8910,0.9985632354737422
14.8920,0.998563253075111
14.8940,0.9985633410819545
14.8960,0.9985634642915356
14.9010,0.9985637459134352
14.9050,0.9985639043257537
14.9080,0.9985640451367035
14.9090,0.9985640891401254
14.9170,0.998564370762025
14.9230,0.9985646699852933
14.9450,0.9985655236516764
14.9480,0.9985656468612575
14.9530,0.9985658228749448
14.9650,0.9985663245139533
14.9700,0.9985664829262719
14.9720,0.9985665709331155
14.9760,0.9985667733488559
14.9770,0.998566826152962
14.9910,0.9985675566097642
14.9950,0.9985677062213982
15.0170,0.9985687975062592
15.0280,0.9985693431486896
15.0360,0.9985697127774329
15.0640,0.9985711296876152
15.0760,0.9985716049245708
15.0770,0.9985716225259396
15.0790,0.9985717017320987
15.0800,0.9985717897389425
15.0890,0.9985723441820572
15.0940,0.9985726610066943
15.1080,0.9985735674771836
15.1110,0.9985736730853959
15.1150,0.9985739107038737
15.1160,0.9985739459066112
15.1230,0.9985744035421981
15.1270,0.9985745707552008
15.1290,0.9985746587620445
15.1360,0.9985750371914721
15.1380,0.9985752132051593
15.1470,0.998575838053749
15.1510,0.9985761196756486
15.1580,0.9985765421084981
15.1600,0.9985766917201322
15.1880,0.9985783022453705
15.1970,0.9985789006919071
15.1990,0.9985790503035413
15.2210,0.9985807752376763
15.2240,0.9985810216568385
15.2290,0.9985815232958472
15.2380,0.9985822801547023
15.2410,0.9985825793779706
15.2510,0.9985831162197167
15.2540,0.9985833098347727
15.2600,0.9985839610854155
15.2690,0.9985845859340052
15.2750,0.9985851403771201
15.2770,0.9985853515935448
15.2910,0.9985866804968835
15.3040,0.9985878861906411
15.3070,0.9985880886063815
15.3160,0.9985888718672897
15.3170,0.9985890038775551
15.3200,0.9985892502967173
15.3260,0.9985899631521507
15.3460,0.9985920225122914
15.3480,0.9985922777321379
15.3490,0.9985923921410347
15.3530,0.9985927353677247
15.3700,0.998594539508019
15.3730,0.9985948387312874
15.3740,0.9985949795422372
15.3770,0.9985953491709804
15.3850,0.9985964756585788
15.4070,0.9985990982625187
15.4100,0.9985994590905776
15.4110,0.9985995382967369
15.4170,0.9986003303583294
15.4320,0.9986021961034143
15.4480,0.9986042202608176
15.4660,0.9986067020538077
15.4710,0.9986074325106099
15.4950,0.9986109967877767
15.5000,0.9986117536466318
15.5160,0.9986140770273034
15.5230,0.998615133109427
15.5260,0.9986155115388545
15.5300,0.9986161275867599
15.5340,0.998616884445615
15.5400,0.9986179405277384
15.5420,0.9986183541599035
15.5460,0.9986190582146525
15.5530,0.9986200790940385
15.5630,0.9986215312069583
15.5640,0.9986216544165394
15.5910,0.9986262571744609
15.5960,0.9986272604524782
15.5980,0.9986277004866964
15.6000,0.9986281581222831
15.6090,0.9986300766714742
15.6120,0.9986306223139046
15.6220,0.9986325848665174
15.6370,0.9986353482814072
15.6460,0.9986370468134891
15.6470,0.9986371612223859
15.6490,0.998637627658657
15.6610,0.9986402326612283
15.6870,0.9986454426663708
15.7120,0.9986504942591948
15.7140,0.9986508990906755
15.7190,0.9986517967604804
15.7200,0.9986520959837487
15.7220,0.9986524392104389
15.7240,0.9986528352412352
15.7320,0.998654727388373
15.7330,0.9986549298041134
15.7360,0.998655598656125
15.7380,0.9986561266971867
15.7450,0.9986576932190032
15.7470,0.9986581596552744
15.7500,0.9986585908888082
15.7630,0.9986612926989074
15.7670,0.9986622607741872
15.7760,0.9986643641377498
15.7850,0.9986662562848877
15.7880,0.9986670395457959
15.7960,0.9986685532635063
15.7980,0.9986690285004619
15.8120,0.9986721791454636
15.8220,0.9986745289281883
15.8240,0.9986748809555628
15.8250,0.9986751097733563
15.8260,0.9986752593849904
15.8310,0.9986765090821699
15.8380,0.9986781812121986
15.8400,0.9986786300471012
15.8440,0.9986795805210124
15.8550,0.9986823791386396
15.8560,0.9986825815543798
15.8690,0.9986855385843256
15.8770,0.9986877739581537
15.8820,0.9986892700744953
15.8840,0.9986897541121351
15.8850,0.9986899741292442
15.8960,0.9986926495372904
15.8970,0.9986929223585056
15.9000,0.9986935824098327
15.9150,0.998697181889737
15.9330,0.9987015030257589
15.9370,0.9987023478914576
15.9380,0.9987026031113042
15.9410,0.998703447977003
15.9420,0.9987036151900058
15.9480,0.9987051113063474
15.9510,0.9987058505638339
15.9560,0.9987072498726475
15.9580,0.9987077427109717
15.9660,0.9987096348581097
15.9680,0.9987101805005402
15.9720,0.9987111045723982
15.9810,0.9987135863653884
16.0000,0.9987186731609499
16.0080,0.9987208029265655
16.0110,0.9987215861874738
16.0120,0.9987218942114264
16.0150,0.9987227302764409
16.0220,0.998724701629738
16.0260,0.9987257753132303
16.0460,0.998731574964225
16.0690,0.9987380698692844
16.0810,0.9987418893662977
16.0840,0.9987426990292589
16.0880,0.9987438431182261
16.0910,0.9987446527811874
16.0930,0.9987451896229336
16.0960,0.9987463161105319
16.0990,0.9987474249967616
16.1110,0.9987510156759815
16.1130,0.9987515965211493
16.1190,0.9987536558812901
16.1230,0.9987547999702572
16.1340,0.9987579858179964
16.1360,0.9987586722713766
16.1640,0.9987672353372612
16.1720,0.9987699811507822
16.1760,0.998771239648646
16.1990,0.9987789226460944
16.2080,0.9987822493047833
16.2200,0.9987863328223274
16.2230,0.998787292096923
16.2340,0.998790935580249
16.2370,0.9987921236726379
16.2380,0.9987924492979593
16.2390,0.9987927309198589
16.2470,0.9987953447231145
16.2530,0.998797201667515
16.2560,0.9987982313475854
16.2630,0.9988007043398912
16.2730,0.998803881386946
16.2780,0.9988056591251872
16.2790,0.9988060287539303
16.2830,0.9988074632654814
16.2940,0.9988109923399108
16.2950,0.9988113707693383
16.3030,0.998814327799284
16.3060,0.9988151726649829
16.3090,0.9988162903518969
16.3160,0.9988187369421496
16.3180,0.9988194673989517
16.3200,0.9988203034639661
16.3280,0.9988228556624311
16.3440,0.9988282592826296
16.3510,0.9988307674776729
16.3790,0.9988404570311559
16.3830,0.9988418651406538
16.3860,0.9988430620337271
16.3890,0.9988439245007946
16.3900,0.9988442677274847
16.3930,0.998845271005502
16.3980,0.9988471103485338
16.4220,0.99885620145548
16.4290,0.9988587536539452
16.4320,0.9988598449388061
16.4340,0.9988606722031361
16.4380,0.9988626171543802
16.4600,0.9988707401860466
16.4620,0.9988715146462706
16.4660,0.9988729227557686
16.4940,0.9988830523434695
16.4950,0.9988835363811095
16.5000,0.998885490133038
16.5100,0.998889353633473
16.5130,0.9988902425025936
16.5250,0.9988950828789929
16.5330,0.998898145517151
16.5390,0.9989009529354625
16.5530,0.9989068757960384
16.5550,0.9989077470637903
16.5700,0.9989134939106789
16.5710,0.9989139691476344
16.5720,0.9989143123743246
16.5850,0.9989200592212132
16.6100,0.9989301800082299
16.6220,0.9989349323777855
16.6410,0.9989434162375108
16.6500,0.998947235734524
16.6520,0.9989479749920105
16.6630,0.9989525161451415
16.6640,0.9989529121759377
16.6710,0.998956027618202
16.6810,0.9989608415925483
16.6830,0.9989616072520878
16.6890,0.9989637810211253
16.6980,0.9989678117345633
16.7100,0.9989733121622897
16.7210,0.9989778093119989
16.7270,0.998980484720045
16.7420,0.9989868652162077
16.7430,0.9989872964497415
16.7460,0.9989886253530802
16.7480,0.9989894614180945
16.7510,0.9989907287166427
16.7540,0.9989919872145065
16.7650,0.9989970300066462
16.7670,0.9989980684874009
16.7710,0.9990000486413825
16.7760,0.9990024248261603
16.7850,0.9990064555395982
16.7980,0.9990127920323392
16.8190,0.9990225959947188
16.8200,0.999023088833043
16.8290,0.9990270579416904
16.8380,0.9990317311050869
16.8460,0.999035400990466
16.8630,0.9990436120289761
16.8640,0.9990440872659316
16.8790,0.9990517702633799
16.9210,0.9990730151154306
16.9390,0.9990820006141645
16.9420,0.9990833911222938
16.9560,0.9990907220923676
16.9600,0.9990929750675644
16.9670,0.9990965657467842
16.9690,0.9990975866261702
16.9700,0.9990980354610728
16.9730,0.9990996371856267
16.9760,0.99910117730539
16.9780,0.9991021365799856
16.9860,0.9991061936954766
16.9930,0.9991095731582718
16.9960,0.999111280491038
17.0040,0.999115381609951
17.0060,0.9991162792797559
17.0160,0.9991219293191165
17.0200,0.9991239270744667
17.0210,0.9991244991189503
17.0430,0.9991363624414707
17.0500,0.9991401203336935
17.0640,0.9991473280941862
17.0690,0.999149801086492
17.0840,0.999157888915421
17.0960,0.999164348617743
17.1020,0.9991671824381076
17.1060,0.9991690921866142
17.1140,0.9991730348932086
17.1170,0.9991748302328185
17.1180,0.9991753406725115
17.1240,0.9991784121113539
17.1300,0.9991817299693586
17.1350,0.9991844405801422
17.1410,0.9991873888094035
17.1880,0.9992111770592349
17.1890,0.9992116522961905
17.1930,0.9992137116563313
17.1960,0.9992151901713042
17.2060,0.9992199689429129
17.2140,0.9992237532371887
17.2290,0.9992312602209498
17.2340,0.9992339796324178
17.2430,0.9992383095691241
17.2520,0.9992426219044616
17.2690,0.9992507713381811
17.2710,0.9992517306127766
17.2810,0.999256403776173
17.2820,0.9992567382021788
17.2880,0.999259563221859
17.2910,0.9992609801320415
17.2970,0.9992640603715682
17.3000,0.9992655300858567
17.3050,0.9992676598514725
17.3070,0.9992686279267523
17.3090,0.9992695607992947
17.3110,0.9992704144656779
17.3270,0.9992782734768134
17.3400,0.9992844163544983
17.3500,0.9992888871021544
17.3550,0.9992910344691388
17.3560,0.999291597712938
17.3710,0.9992985326522155
17.3950,0.9993093486932968
17.4080,0.9993151131415542
17.4270,0.9993235441971733
17.4300,0.9993246970868247
17.4430,0.9993305671432944
17.4490,0.9993329169260192
17.4510,0.9993338057951398
17.4530,0.999334782671104
17.4550,0.9993358387532275
17.4580,0.9993372644640942
17.4650,0.9993400366796683
17.4710,0.9993425008712897
17.4740,0.9993436801629944
17.4770,0.9993449650629113
17.4890,0.9993499198482072
17.5030,0.9993560715265765
17.5100,0.9993589581510474
17.5160,0.999361475146775
17.5210,0.9993636049123906
17.5340,0.9993687445120583
17.5470,0.9993740249226757
17.5490,0.999374737778109
17.5520,0.999375925870498
17.5560,0.9993776948080547
17.5640,0.9993805990338943
17.5710,0.9993835120604182
17.5740,0.9993846209466479
17.5750,0.9993850257781286
17.5770,0.9993860026540928
17.5790,0.9993869267259509
17.5810,0.999387780392334
17.5860,0.9993895669312596
17.6070,0.9993973379355515
17.6170,0.999401210236671
17.6280,0.9994053113555837
17.6360,0.9994080835711578
17.6440,0.9994110053983661
17.6540,0.9994146488816922
17.6930,0.9994285187602472
17.7010,0.9994315549963523
17.7190,0.9994376362692466
17.7200,0.9994380234993586
17.7400,0.9994452400605357
17.7820,0.9994591099390907
17.7900,0.9994617589450838
17.8140,0.9994693099322667
17.8310,0.999474563940831
17.8480,0.9994795803309175
17.8570,0.9994827133745505
17.8640,0.9994847815353757
17.8700,0.9994866296790917
17.8830,0.9994902379596803
17.8900,0.9994921565088714
17.9000,0.9994954831675603
17.9050,0.999496812070899
17.9060,0.9994969792839019
17.9160,0.9994998571076884
17.9260,0.9995024797116283
17.9290,0.9995033157766428
17.9310,0.9995038350170201
17.9330,0.9995043806594506
17.9470,0.9995082001564638
17.9480,0.9995084993797322
17.9560,0.9995105499391886
17.9590,0.9995112451932532
17.9630,0.999512283674008
17.9660,0.9995129613267039
17.9670,0.9995131461410754
17.9780,0.9995160327655463
17.9840,0.9995173792702537
17.9960,0.9995204243070431
18.0280,0.9995277200743795
18.0400,0.999530791513222
18.0540,0.9995339069554863
18.0640,0.999536159930683
18.0710,0.9995374184285468
18.0800,0.9995393281770535
18.0900,0.9995414139392473
18.0930,0.999542109193312
18.1050,0.9995444765774054
18.1130,0.9995459990958001
18.1260,0.9995484720881059
18.1350,0.9995502146236096
18.1360,0.9995503906372969
18.1400,0.9995511738982051
18.1490,0.9995526788152311
18.1560,0.9995542101343101
18.1760,0.9995579768272173
18.1770,0.999558214445695
18.1780,0.9995584696655415
18.1800,0.9995588744970222
18.1840,0.9995595873524555
18.2030,0.9995631956330441
18.2230,0.999566715906789
18.2310,0.9995681328169713
18.2440,0.9995703153866933
18.2740,0.9995750765569332
18.2780,0.999575798213051
18.2870,0.9995770391095461
18.2920,0.999577839971823
18.2950,0.9995783328101473
18.3010,0.9995791072703712
18.3040,0.9995795033011675
18.3160,0.9995812546373556
18.3230,0.9995822051112667
18.3280,0.9995830235749125
18.3290,0.9995832259906527
18.3330,0.9995838772412956
18.3360,0.9995845372926228
18.3490,0.9995863766356545
18.3530,0.9995869926835599
18.3610,0.9995884623978484
18.3710,0.9995899145107682
18.3760,0.99959078577852
18.3870,0.9995922818948616
18.3880,0.9995924051044427
18.4150,0.9995961365946123
18.4170,0.9995965326254086
18.4320,0.9995987944012897
18.4390,0.9995999384902569
18.4440,0.9996007217511651
18.4490,0.9996014962113889
18.4560,0.9996027899119903
18.4580,0.9996030979359429
18.4590,0.9996032827503145
18.4610,0.9996035907742672
18.4620,0.9996037491865858
18.4650,0.999604215622857
18.4720,0.9996052981070335
18.4810,0.9996065918076348
18.4940,0.9996086775698286
18.5010,0.9996097336519522
18.5040,0.9996100504765891
18.5100,0.9996108337374975
18.5200,0.999612303451786
18.5370,0.9996145476262983
18.5380,0.9996147148393012
18.5450,0.9996156917152654
18.5510,0.9996164837768581
18.5590,0.9996177070719844
18.5740,0.999619907243075
18.5800,0.9996209193217767
18.5830,0.9996213945587322
18.5930,0.9996228730737051
18.5960,0.9996234011147669
18.6080,0.9996250380420583
18.6090,0.9996251436502706
18.6300,0.9996281270822694
18.6430,0.999630133638304
18.6440,0.9996303008513069
18.6470,0.9996306440779971
18.6490,0.9996309609026341
18.6500,0.9996311193149526
18.6510,0.9996312689265868
18.6710,0.9996342787606387
18.6810,0.999635792478349
18.6830,0.9996360300968268
18.6880,0.999636813357735
18.6920,0.9996373766015343
18.6980,0.9996385998966606
18.7130,0.9996409144766479
18.7310,0.9996436426888002
18.7340,0.999644073922334
18.7430,0.9996453500215665
18.7480,0.9996459044646814
18.7510,0.999646379701637
18.7560,0.9996472773714419
18.7640,0.9996484478624621
18.7660,0.9996487030823086
18.7720,0.999649442339795
18.7790,0.9996503312089156
18.7840,0.9996511144698238
18.7870,0.9996515369026733
18.7930,0.9996524433731626
18.8340,0.9996586742576911
18.8750,0.9996648875408509
18.8950,0.9996676685571094
18.9000,0.9996685750275988
18.9060,0.9996694110926132
18.9130,0.999670379167893
18.9470,0.9996755099668763
18.9500,0.9996760292072536
18.9590,0.9996774901208578
18.9600,0.9996776397324919
18.9700,0.9996788718283026
18.9720,0.9996791798522553
18.9910,0.9996818728616702
18.9950,0.9996825153116287
19.0100,0.9996848210909316
19.0110,0.999684926699144
19.0180,0.9996861763963234
19.0320,0.9996882357564641
19.0340,0.9996886053852074
19.0350,0.9996888694057383
19.0500,0.9996913776007815
19.0540,0.9996920816555306
19.0770,0.9996960683655467
19.0830,0.9996968428257705
19.0870,0.9996973180627261
19.0900,0.9996978285024192
19.0950,0.9996985413578525
19.0970,0.9996987789763303
19.1020,0.9996995094331323
19.1040,0.999699817457085
19.1090,0.9997006007179933
19.1130,0.9997013927795859
19.1200,0.9997023696555501
19.1260,0.9997032585246707
19.1310,0.9997039361773666
19.1440,0.9997060307402449
19.1550,0.9997076940695894
19.1560,0.9997079668908045
19.1570,0.9997081869079136
19.1620,0.9997089877701906
19.1710,0.9997103782783199
19.1800,0.9997120152056113
19.1910,0.9997138897513804
19.1960,0.9997147962218698
19.2020,0.9997156938916747
19.2160,0.9997178500593434
19.2220,0.9997190205503637
19.2280,0.9997199622235904
19.2330,0.9997208422920266
19.2800,0.9997296605777577
19.2810,0.9997298541928137
19.2830,0.9997301006119759
19.3040,0.9997340169165171
19.3090,0.9997348617822158
19.3140,0.9997357594520209
19.3170,0.9997363490978731
19.3210,0.9997370003485159
19.3280,0.9997380828326925
19.3330,0.999738874894285
19.3350,0.9997393941346625
19.3480,0.999741497498225
19.3540,0.9997425183776111
19.3560,0.9997429584118293
19.3590,0.9997435040542597
19.3670,0.9997448769610202
19.3710,0.9997457042253503
19.3720,0.9997458890397218
19.3830,0.9997479836026001
19.3930,0.999749805344263
19.3990,0.9997510286393895
19.4030,0.9997517414948228
19.4320,0.999758157193723
19.4330,0.9997583244067259
19.4410,0.9997600757429139
19.4420,0.9997602429559168
19.4430,0.9997604365709728
19.4650,0.9997649777241038
19.4690,0.9997659898028054
19.4730,0.9997669578780853
19.4770,0.999767969956787
19.5130,0.9997754681398637
19.5170,0.9997765770260933
19.5280,0.999778900406765
19.5290,0.9997791028225054
19.5370,0.9997808101552716
19.5380,0.9997809861689588
19.5500,0.9997835911715302
19.5520,0.9997840048036951
19.5540,0.9997844888413351
19.5590,0.9997855449234585
19.5790,0.9997899012622179
19.5810,0.9997903588978048
19.5860,0.9997914149799282
19.5920,0.9997927878866888
19.5970,0.9997941695941337
19.6050,0.9997960001364811
19.6070,0.999796413768646
19.6090,0.9997968362014954
19.6110,0.999797311438451
19.6150,0.9997981387027811
19.6210,0.999799450004751
19.6240,0.9998000044478659
19.6350,0.9998025478456466
19.6380,0.9998032430997112
19.6640,0.9998093331732899
19.6710,0.999811348530009
19.6770,0.999812589426504
19.6790,0.9998130294607221
19.7000,0.9998178962391745
19.7080,0.9998197619842594
19.7180,0.9998220941656153
19.7210,0.9998227542169426
19.7250,0.9998236518867475
19.7630,0.9998326637875345
19.7650,0.999833112622437
19.7690,0.9998338870826609
19.7730,0.9998348903606782
19.7800,0.9998367209030256
19.7860,0.9998380322049956
19.7880,0.9998385162426354
19.7970,0.9998408572246759
19.8040,0.9998425557567577
19.8250,0.9998470529064669
19.8280,0.9998477745625847
19.8500,0.9998531341793613
19.8550,0.9998545158868062
19.8760,0.9998590306378841
19.8790,0.9998597610946861
19.8830,0.9998605883590163
19.8900,0.9998621724822014
19.9170,0.9998677609167715
19.9290,0.9998701811049712
19.9470,0.9998738509903502
19.9510,0.9998744934403087
19.9530,0.9998748718697363
19.9650,0.9998773536627265
19.9720,0.9998787881742776
19.9760,0.9998797562495574
19.9820,0.9998810499501587
19.9830,0.9998812347645303
19.9960,0.9998840069801044
20.0050,0.9998860487388764
20.0070,0.9998863831648822
20.0080,0.9998866647867818
20.0120,0.9998874392470057
20.0230,0.9998897626276774
20.0250,0.9998900970536831
20.0260,0.9998902554660016
20.0350,0.9998916459741309
20.0460,0.9998936525301655
20.0500,0.9998943829869675
20.0520,0.9998948758252919
20.0630,0.9998971816045948
20.0670,0.99989793846345
20.0730,0.9998990649510483
20.0740,0.9998991969613138
20.0800,0.9999002090400154
20.0840,0.999900877892027
20.0900,0.999901995578941
20.0970,0.9999032628774892
20.1000,0.9999037821178666
20.1260,0.9999079360408856
20.1430,0.9999108050639877
20.1500,0.999912098764589
20.1590,0.9999136916884586
20.1690,0.9999154430246466
20.1730,0.9999160414711833
20.2110,0.9999222811563961
20.2170,0.9999231700255168
20.2250,0.999924437324065
20.2310,0.9999253085918168
20.2360,0.9999261182547782
20.2410,0.9999269455191082
20.2590,0.9999299905558976
20.2630,0.9999305714010656
20.2710,0.9999316626859265
20.2730,0.9999318915037199
20.2790,0.9999327363694187
20.2830,0.9999333612180084
20.2880,0.9999341092761792
20.2910,0.9999345581110817
20.2990,0.9999355349870459
20.3060,0.9999366174712224
20.3330,0.999940542576448
20.3340,0.9999406745867134
20.3390,0.9999415282530967
20.3420,0.9999419418852616
20.3450,0.9999422763112674
20.3510,0.9999429891667008
20.3620,0.9999444676816737
20.3750,0.9999458933925404
20.3900,0.9999476271273597
20.3990,0.9999485776012709
20.4040,0.9999491056423326
20.4260,0.9999512618100014
20.4380,0.9999524939058121
20.4420,0.999952951541399
20.4500,0.9999537876064134
20.4510,0.9999538492112039
20.4590,0.9999545620666372
20.4620,0.9999548788912743
20.4720,0.9999559261727134
20.4750,0.9999562782000879
20.4780,0.9999565862240406
20.4820,0.9999568590452558
20.4900,0.9999576863095859
20.4960,0.9999582143506476
20.4970,0.9999582847561225
20.5010,0.9999587951958155
20.5090,0.9999597368690423
20.5150,0.9999603177142102
20.5180,0.9999605465320036
20.5310,0.9999617962291831
20.5350,0.9999621042531358
20.5390,0.9999625442873539
20.5430,0.9999629491188345
20.5640,0.9999647972625506
20.5720,0.999965386908403
20.5750,0.9999655893241433
20.5800,0.999965923750149
20.5840,0.9999662581761548
20.5860,0.9999664517912108
20.5900,0.9999666542069511
20.6030,0.999967551876756
20.6040,0.9999676046808622
20.6050,0.9999677014883902
20.6130,0.999968229529452
20.6140,0.9999682999349269
20.6170,0.9999684671479298
20.6190,0.9999685551547733
20.6200,0.9999686167595639
20.6310,0.9999692680102067
20.6340,0.9999693560170504
20.6370,0.9999694792266314
20.6390,0.9999696024362125
20.6410,0.9999697168451092
20.6450,0.9999700072676931
20.6510,0.999970368095752
20.6680,0.9999712833669256
20.6720,0.9999714065765067
20.6740,0.9999715121847191
20.6780,0.9999717938066187
20.6820,0.999972093029887
20.6870,0.9999724362565772
20.6890,0.9999725330641052
20.6900,0.9999725946688957
20.6970,0.9999728498887422
20.7160,0.9999736507510192
20.7490,0.9999748300427237
20.7510,0.9999748916475143
20.7560,0.9999749884550423
20.7600,0.9999751644687295
20.7610,0.9999751908707826
20.7620,0.9999752612762575
20.7680,0.9999754812933666
20.7770,0.999975833320741
20.7790,0.9999759037262159
20.8050,0.9999766077809649
20.8090,0.9999767221898617
20.8130,0.9999769158049175
20.8160,0.9999769774097081
20.8190,0.9999770654165517
20.8220,0.999977144622711
20.8310,0.9999773294370826
20.8360,0.9999774174439262
20.8430,0.9999775758562448
20.8500,0.9999777430692477
20.8510,0.999977751869932
20.8650,0.9999779894884098
20.8680,0.9999780598938847
20.8770,0.9999782799109938
20.8780,0.9999782887116782
20.8920,0.9999785351308402
20.8960,0.999978579134262
20.9290,0.9999790455705333
20.9340,0.9999791335773769
20.9420,0.9999792743883267
20.9460,0.9999793271924329
20.9610,0.9999794944054358
20.9710,0.9999796088143325
20.9730,0.9999796352163856
20.9940,0.9999799256389695
20.9950,0.9999799432403382
21.0010,0.9999800136458131
21.0090,0.999980084051288
21.0410,0.9999802864670284
21.0470,0.9999803568725033
21.0940,0.9999806208930341
21.1010,0.9999806560957716
21.1030,0.999980664896456
21.1080,0.9999807441026152
21.1210,0.9999808409101432
21.1310,0.9999808761128807
21.1430,0.9999809641197243
21.1460,0.9999809905217774
21.1480,0.999981008123146
21.1850,0.9999812281402551
21.1870,0.9999812457416238
21.2100,0.9999814041539424
21.2110,0.9999814129546267
21.2180,0.9999814745594173
21.2230,0.9999815009614703
21.2610,0.999981685775842
21.2830,0.999981808985423
21.3020,0.9999818617895292
21.3130,0.9999818969922667
21.3230,0.9999819585970572
21.3290,0.9999820290025321
21.3350,0.9999820378032165
21.3410,0.9999820730059539
21.3540,0.9999821258100601
21.3720,0.9999822138169037
21.3840,0.9999823018237474
21.3850,0.9999823106244317
21.3940,0.9999823634285379
21.4290,0.9999825042394876
21.4390,0.9999825394422251
21.4530,0.9999825746449625
21.4600,0.9999826098477
21.4630,0.9999826186483843
21.4880,0.999982706655228
21.4930,0.9999827330572811
21.5330,0.9999830146791807
21.5380,0.9999830410812338
21.5560,0.9999831114867087
21.5600,0.9999831378887618
21.5780,0.9999832082942367
21.5890,0.9999832963010803
21.6010,0.9999833579058708
21.6040,0.999983410709977
21.6720,0.9999836747305079
21.6760,0.9999836835311923
21.6800,0.9999836923318766
21.7080,0.9999838067407733
21.7340,0.9999839475517232
21.7530,0.9999840267578823
21.7620,0.9999840619606198
21.8000,0.9999842291736227
21.8180,0.9999843259811507
21.8300,0.9999844051873099
21.8340,0.999984431589363
21.8390,0.9999844579914161
21.8570,0.9999845459982597
21.9110,0.9999847308126314
21.9140,0.9999847396133157
21.9170,0.9999847660153688
21.9210,0.9999847924174219
21.9290,0.999984818819475
21.9320,0.9999848276201593
21.9330,0.9999848452215281
21.9430,0.9999848804242655
21.9550,0.9999849508297404
21.9870,0.9999850564379528
22.0200,0.9999851708468495
22.0830,0.9999853820632741
22.0900,0.9999853996646428
22.1140,0.9999854612694334
22.1330,0.9999855580769614
22.1380,0.9999856020803832
22.1440,0.9999856284824363
22.1540,0.999985646083805
22.1600,0.9999856812865425
22.1660,0.9999857164892799
22.1780,0.9999857692933861
22.2090,0.9999858925029672
22.2310,0.9999859805098108
22.2510,0.9999861125200762
22.2600,0.9999861477228137
22.3200,0.9999863941419759
22.3210,0.9999864029426602
22.3260,0.9999864293447133
22.3390,0.9999864733481351
22.3560,0.99998654375361
22.3750,0.9999865965577162
22.3770,0.9999866229597693
22.3940,0.9999866581625066
22.4210,0.9999867461693503
22.4610,0.9999868693789314
22.5020,0.9999870277912499
22.5100,0.999987054193303
22.5420,0.9999871774028841
22.5910,0.9999873182138339
22.6600,0.9999875910350491
22.6730,0.9999876350384709
22.6880,0.9999877142446302
22.7170,0.9999878022514738
22.8080,0.9999881278767953
22.8250,0.9999882422856919
22.8430,0.9999883214918511
22.8590,0.999988391897326
22.8880,0.9999885063062228
22.9020,0.9999885239075915
22.9150,0.9999886031137508
22.9390,0.9999886911205944
22.9530,0.9999887351240162
22.9830,0.9999889023370191
23.0030,0.999988972742494
23.0250,0.9999890343472845
23.0430,0.9999891135534438
23.0610,0.9999892015602874
23.0640,0.9999892103609718
23.0940,0.9999892807664467
23.1130,0.9999893335705529
23.1510,0.9999894391787651
23.1780,0.9999895007835558
23.2180,0.9999896327938211
23.2420,0.9999897296013491
23.2580,0.9999897472027178
23.2590,0.9999897560034022
23.3000,0.9999898792129833
23.3270,0.9999899760205113
23.3530,0.9999900464259862
23.3850,0.9999900992300924
23.4240,0.9999902136389891
23.4520,0.9999902928451483
23.4650,0.9999903104465171
23.5460,0.9999905128622574
23.5550,0.9999905392643105
23.5620,0.9999905568656792
23.5750,0.9999905832677323
23.6260,0.9999907240786821
23.6590,0.9999908120855258
23.7140,0.9999909704978442
23.8040,0.9999912257176907
23.8160,0.9999912609204282
23.8200,0.9999912785217969
23.8560,0.9999913753293249
23.8990,0.9999914633361685
24.0560,0.9999917801608056
24.1270,0.9999919561744928
24.1550,0.999992008978599
24.2910,0.999992202593655
24.3890,0.9999923170025516
24.5420,0.9999925986244512
24.5470,0.99999261622582
24.5700,0.9999926514285574
24.6090,0.9999927218340323
24.8070,0.9999931178648287
24.8220,0.9999931794696192
25.0710,0.999993513895625
25.1040,0.9999935578990468
25.1090,0.9999935755004155
25.1170,0.9999935843010999
25.1820,0.999993707510681
25.2650,0.9999937779161558
25.2830,0.999993804318209
25.3990,0.99999392752779
25.4920,0.9999940155346336
25.5950,0.9999940859401085
25.8900,0.9999942795551645
25.9700,0.9999943499606394
25.9840,0.9999943587613237
26.0410,0.9999943851633768
26.0660,0.9999944203661143
26.1140,0.9999944819709048
26.2260,0.9999945787784328
26.2770,0.9999945963798015
26.3380,0.999994631582539
26.4130,0.9999947019880139
26.4390,0.999994728390067
26.4460,0.9999947371907513
26.5400,0.9999947811941732
26.7710,0.9999949308058073
26.7770,0.9999949396064917
26.9630,0.9999950540153884
27.0080,0.999995071616757
27.0840,0.9999950980188101
27.1730,0.9999951420222319
27.6300,0.9999953180359192
27.6510,0.9999953444379723
27.9710,0.9999954676475534
28.1050,0.9999954940496065
28.1940,0.9999955380530283
28.5010,0.9999956084585032
28.7860,0.9999956788639781
28.7900,0.9999956876646624
28.9740,0.9999957404687686
29.9850,0.9999960132899839
30.1570,0.9999960308913526
30.2110,0.999996039692037
30.7250,0.9999961100975119
36.3870,0.9999963741180428
37.0740,0.9999964005200958
37.7980,0.9999964357228333
38.8970,0.9999964445235177
41.0400,0.9999965061283081
42.0460,0.9999965237296768
43.5480,0.9999965501317299
48.5250,0.9999966205372048
53.5050,0.9999966909426797
54.7590,0.9999967437467859
61.1550,0.9999969109597888
65.4330,0.9999969901659481
65.5490,0.9999969989666324
69.2790,0.9999971485782666
74.4960,0.9999972365851102
76.1480,0.9999972981899008
98.8770,0.9999975094063255
134.8130,0.9999976502172753
166.5200,0.9999977294234346
813.1780,0.9999978966364375
